timestamp,arbitration_id,extended,remote,error,dlc,data
1721152434,0xcfff448,1,0,0,8,AAAAAAAAAAA=
1721152434,0xcfffb48,1,0,0,8,AAAAAAAAAAA=
1721152434,0xcfff048,1,0,0,8,QgcUAK0AcgA=
1721152434,0xcfffc48,1,0,0,8,AAAAAAAAAAA=
1721152434,0xcfff148,1,0,0,8,vgX5BBUEAP8=
1721152434,0xcfff048,1,0,0,8,AgcUAKwAcgA=
1721152434,0xcfff148,1,0,0,8,vgUMBRUEAP8=
1721152434,0xcfff248,1,0,0,8,ugV+CgkA+wE=
1721152434,0xcfff348,1,0,0,8,CQAoAgkAKgA=
1721152434,0xcfff448,1,0,0,8,AAAAAAAAAAA=
1721152434,0xcfffb48,1,0,0,8,AAAAAAAAAAA=
1721152434,0xcfff048,1,0,0,8,HwcUAKwAcgA=
1721152434,0xcfffc48,1,0,0,8,AAAAAAAAAAA=
1721152434,0xcfff148,1,0,0,8,vgX5BBUEAP8=
1721152434,0xcfff048,1,0,0,8,1wYUAKwAcgA=
1721152434,0xcfff148,1,0,0,8,vgUNBRUEAP8=
1721152434,0xcfff248,1,0,0,8,lwV9CgkA/AE=
1721152434,0xcfff348,1,0,0,8,CQAoAgkAKgA=
1721152434,0xcfff448,1,0,0,8,AAAAAAAAAAA=
1721152434,0xcfffb48,1,0,0,8,AAAAAAAAAAA=
1721152434,0xcfff048,1,0,0,8,7QYUAKwArgA=
1721152434,0xcfffc48,1,0,0,8,AAAAAAAAAAA=
1721152434,0xcfff148,1,0,0,8,vgUEBRUEAP8=
1721152434,0xcfff048,1,0,0,8,2gYUAKwArgA=
1721152434,0xcfff148,1,0,0,8,vgUNBRUEAP8=
1721152434,0xcfff248,1,0,0,8,yAV9CgkA+wE=
1721152434,0xcfff348,1,0,0,8,CQAoAgkAKgA=
1721152434,0xcfff448,1,0,0,8,AAAAAAAAAAA=
1721152434,0xcfffb48,1,0,0,8,AAAAAAAAAAA=
1721152434,0xcfff048,1,0,0,8,KwcUAKwArgA=
1721152434,0xcfffc48,1,0,0,8,AAAAAAAAAAA=
1721152434,0xcfff148,1,0,0,8,vgX4BBUEAP8=
1721152434,0xcfff048,1,0,0,8,2wYUAKwAkgA=
1721152434,0xcfff148,1,0,0,8,vgUNBRUEAP8=
1721152434,0xcfff248,1,0,0,8,ngV9CgkA+QE=
1721152434,0xcfff348,1,0,0,8,CQAoAgkAKgA=
1721152434,0xcfff448,1,0,0,8,AAAAAAAAAAA=
1721152434,0xcfffb48,1,0,0,8,AAAAAAAAAAA=
1721152434,0xcfff048,1,0,0,8,DQcUAKwAkgA=
1721152434,0xcfffc48,1,0,0,8,AAAAAAAAAAA=
1721152434,0xcfff148,1,0,0,8,vgX/BBUEAP8=
1721152434,0xcfff548,1,0,0,8,ggXuAxQIAP8=
1721152434,0xcfff048,1,0,0,8,wAYUAKwAkgA=
1721152434,0xcfff148,1,0,0,8,vgUFBRUEAP8=
1721152434,0xcfff248,1,0,0,8,qAV8CgkA+wE=
1721152434,0xcfff348,1,0,0,8,CQAoAgkAKgA=
1721152434,0xcfff448,1,0,0,8,AAAAAAAAAAA=
1721152434,0xcfffb48,1,0,0,8,AAAAAAAAAAA=
1721152434,0xcfff048,1,0,0,8,ygYUAKwAowA=
1721152434,0xcfffc48,1,0,0,8,AAAAAAAAAAA=
1721152434,0xcfff148,1,0,0,8,vgUEBRUEAP8=
1721152434,0xcfff048,1,0,0,8,4AYUAKwAowA=
1721152434,0xcfff148,1,0,0,8,vgUFBRUEAP8=
1721152434,0xcfff248,1,0,0,8,rQV+CgkA+wE=
1721152434,0xcfff348,1,0,0,8,CQApAgkAKgA=
1721152434,0xcfff448,1,0,0,8,AAAAAAAAAAA=
1721152434,0xcfffb48,1,0,0,8,AAAAAAAAAAA=
1721152434,0xcfff048,1,0,0,8,QgcUAK0AowA=
1721152434,0xcfffc48,1,0,0,8,AAAAAAAAAAA=
1721152434,0xcfff148,1,0,0,8,vgX9BBUEAP8=
1721152434,0xcfff048,1,0,0,8,6QYUAKwAowA=
1721152434,0xcfff148,1,0,0,8,vgULBRQEAP8=
1721152434,0xcfff248,1,0,0,8,lQV7CgkA+wE=
1721152434,0xcfff348,1,0,0,8,CQAoAgkAKgA=
1721152434,0xcfff448,1,0,0,8,AAAAAAAAAAA=
1721152434,0xcfffb48,1,0,0,8,AAAAAAAAAAA=
1721152434,0xcfff048,1,0,0,8,HAcUAKwAmwA=
1721152434,0xcfffc48,1,0,0,8,AAAAAAAAAAA=
1721152434,0xcfff148,1,0,0,8,vgUBBRQEAP8=
1721152434,0xcfff048,1,0,0,8,BAcUAL0AmwA=
1721152434,0xcfff148,1,0,0,8,vgUDBRQEAP8=
1721152434,0xcfff248,1,0,0,8,nAV4CgkA+wE=
1721152434,0xcfff348,1,0,0,8,CQApAgkAKgA=
1721152434,0xcfff448,1,0,0,8,AAAAAAAAAAA=
1721152434,0xcfffb48,1,0,0,8,AAAAAAAAAAA=
1721152435,0xcfff048,1,0,0,8,DgcUALIAmwA=
1721152435,0xcfffc48,1,0,0,8,AAAAAAAAAAA=
1721152435,0xcfff148,1,0,0,8,vgX8BBQEAP8=
1721152435,0xcfff048,1,0,0,8,3QcUAKwAkQA=
1721152435,0xcfff148,1,0,0,8,vgX9BBQEAP8=
1721152435,0xcfff248,1,0,0,8,5QV4CgkA+wE=
1721152435,0xcfff348,1,0,0,8,CQApAgkAKgA=
1721152435,0xcfff448,1,0,0,8,AAAAAAAAAAA=
1721152435,0xcfffb48,1,0,0,8,AAAAAAAAAAA=
1721152435,0xcfff048,1,0,0,8,1wcUAK0AkQA=
1721152435,0xcfffc48,1,0,0,8,AAAAAAAAAAA=
1721152435,0xcfff148,1,0,0,8,vgXdBBQEAP8=
1721152435,0xcfff048,1,0,0,8,EwcUAKwAkQA=
1721152435,0xcfff148,1,0,0,8,vgXlBBQEAP8=
1721152435,0xcfff248,1,0,0,8,mgV4CgkA/AE=
1721152435,0xcfff348,1,0,0,8,CQAqAgkAKgA=
1721152435,0xcfff448,1,0,0,8,AAAAAAAAAAA=
1721152435,0xcfffb48,1,0,0,8,AAAAAAAAAAA=
1721152435,0xcfff048,1,0,0,8,FgcUAKwAkQA=
1721152435,0xcfffc48,1,0,0,8,AAAAAAAAAAA=
1721152435,0xcfff148,1,0,0,8,vgXwBBQEAP8=
1721152435,0xcfff048,1,0,0,8,OQcUAKwAiQA=
1721152435,0xcfff148,1,0,0,8,vgXoBBQEAP8=
1721152435,0xcfff248,1,0,0,8,twV3CgkA/AE=
1721152435,0xcfff348,1,0,0,8,CQApAgkAKgA=
1721152435,0xcfff448,1,0,0,8,AAAAAAAAAAA=
1721152435,0xcfffb48,1,0,0,8,AAAAAAAAAAA=
1721152435,0xcfff048,1,0,0,8,MAcUAKwAiQA=
1721152435,0xcfffc48,1,0,0,8,AAAAAAAAAAA=
1721152435,0xcfff148,1,0,0,8,vgX8BBQEAP8=
1721152435,0xcfff048,1,0,0,8,SwcUAKwAiQA=
1721152435,0xcfff148,1,0,0,8,vgUABRQEAP8=
1721152435,0xcfff248,1,0,0,8,wAV4CgkA+wE=
1721152435,0xcfff348,1,0,0,8,CQAoAgkAKgA=
1721152435,0xcfff448,1,0,0,8,AAAAAAAAAAA=
1721152435,0xcfffb48,1,0,0,8,AAAAAAAAAAA=
1721152435,0xcfff048,1,0,0,8,OAcUAKwAiQA=
1721152435,0xcfffc48,1,0,0,8,AAAAAAAAAAA=
1721152435,0xcfff148,1,0,0,8,vgUBBRQEAP8=
1721152435,0xcfff048,1,0,0,8,PgcUAKwAjQA=
1721152435,0xcfff148,1,0,0,8,vgX/BBQEAP8=
1721152435,0xcfff248,1,0,0,8,wgV3CgkA+gE=
1721152435,0xcfff348,1,0,0,8,CQAnAgkAKgA=
1721152435,0xcfff448,1,0,0,8,AAAAAAAAAAA=
1721152435,0xcfffb48,1,0,0,8,AAAAAAAAAAA=
1721152435,0xcfff048,1,0,0,8,eQcUAKwAjQA=
1721152435,0xcfffc48,1,0,0,8,AAAAAAAAAAA=
1721152435,0xcfff148,1,0,0,8,vgX/BBQEAP8=
1721152435,0xcfff048,1,0,0,8,7gYUAKwAjQA=
1721152435,0xcfff148,1,0,0,8,vgUFBRQEAP8=
1721152435,0xcfff248,1,0,0,8,mQV3CgkA+QE=
1721152435,0xcfff348,1,0,0,8,CQAoAgkAKgA=
1721152435,0xcfff448,1,0,0,8,AAAAAAAAAAA=
1721152435,0xcfffb48,1,0,0,8,AAAAAAAAAAA=
1721152435,0xcfff048,1,0,0,8,5QYUAKwAjQA=
1721152435,0xcfffc48,1,0,0,8,AAAAAAAAAAA=
1721152435,0xcfff148,1,0,0,8,vgUIBRQEAP8=
1721152435,0xcfff548,1,0,0,8,ggXuAxQIAP8=
1721152435,0xcfff048,1,0,0,8,MgcUAKwAoAA=
1721152435,0xcfff148,1,0,0,8,vgX9BBQEAP8=
1721152435,0xcfff248,1,0,0,8,nAV4CgkA/AE=
1721152435,0xcfff348,1,0,0,8,CQAnAgkAKgA=
1721152435,0xcfff448,1,0,0,8,AAAAAAAAAAA=
1721152435,0xcfffb48,1,0,0,8,AAAAAAAAAAA=
1721152435,0xcfff048,1,0,0,8,EAcUAKwAoAA=
1721152435,0xcfffc48,1,0,0,8,AAAAAAAAAAA=
1721152435,0xcfff148,1,0,0,8,vgUIBRQEAP8=
1721152435,0xcfff048,1,0,0,8,5AYUAKwAoAA=
1721152435,0xcfff148,1,0,0,8,vgUBBRQEAP8=
1721152435,0xcfff248,1,0,0,8,wAV4CgkA+wE=
1721152435,0xcfff348,1,0,0,8,CQAnAgkAKgA=
1721152435,0xcfff448,1,0,0,8,AAAAAAAAAAA=
1721152435,0xcfffb48,1,0,0,8,AAAAAAAAAAA=
1721152435,0xcfff048,1,0,0,8,OgcUAKwAlgA=
1721152435,0xcfffc48,1,0,0,8,AAAAAAAAAAA=
1721152435,0xcfff148,1,0,0,8,vgUBBRQEAP8=
1721152435,0xcfff048,1,0,0,8,6QYUAKwAlgA=
1721152435,0xcfff148,1,0,0,8,vgUABRQEAP8=
1721152435,0xcfff248,1,0,0,8,hwV3CgkA/AE=
1721152435,0xcfff348,1,0,0,8,CQAnAgkAKgA=
1721152435,0xcfff448,1,0,0,8,AAAAAAAAAAA=
1721152435,0xcfffb48,1,0,0,8,AAAAAAAAAAA=
1721152435,0xcfff048,1,0,0,8,2QYUAKwAlgA=
1721152435,0xcfffc48,1,0,0,8,AAAAAAAAAAA=
1721152435,0xcfff148,1,0,0,8,vgUTBRQEAP8=
1721152435,0xcfff048,1,0,0,8,yQYUAKwArAA=
1721152435,0xcfff148,1,0,0,8,vgUMBRQEAP8=
1721152435,0xcfff248,1,0,0,8,lwV3CgkA+wE=
1721152435,0xcfff348,1,0,0,8,CQAnAgkAKgA=
1721152435,0xcfff448,1,0,0,8,AAAAAAAAAAA=
1721152435,0xcfffb48,1,0,0,8,AAAAAAAAAAA=
1721152436,0xcfff048,1,0,0,8,9wYUAKwArAA=
1721152436,0xcfffc48,1,0,0,8,AAAAAAAAAAA=
1721152436,0xcfff148,1,0,0,8,vgUHBRQEAP8=
1721152436,0xcfff048,1,0,0,8,wgYUAKwArAA=
1721152436,0xcfff148,1,0,0,8,vgUBBRQEAP8=
1721152436,0xcfff248,1,0,0,8,pgV4CgkA+wE=
1721152436,0xcfff348,1,0,0,8,CQApAgkAKgA=
1721152436,0xcfff448,1,0,0,8,AAAAAAAAAAA=
1721152436,0xcfffb48,1,0,0,8,AAAAAAAAAAA=
1721152436,0xcfff048,1,0,0,8,/AYUAKwAwwA=
1721152436,0xcfffc48,1,0,0,8,AAAAAAAAAAA=
1721152436,0xcfff148,1,0,0,8,vgUBBRQEAP8=
1721152436,0xcfff048,1,0,0,8,DgcUAKwAwwA=
1721152436,0xcfff148,1,0,0,8,vgX/BBQEAP8=
1721152436,0xcfff248,1,0,0,8,mwV4CgkA+wE=
1721152436,0xcfff348,1,0,0,8,CQAqAgkAKgA=
1721152436,0xcfff448,1,0,0,8,AAAAAAAAAAA=
1721152436,0xcfffb48,1,0,0,8,AAAAAAAAAAA=
1721152436,0xcfff048,1,0,0,8,IwcUAKwAwwA=
1721152436,0xcfffc48,1,0,0,8,AAAAAAAAAAA=
1721152436,0xcfff148,1,0,0,8,vgX0BBQEAP8=
1721152436,0xcfff048,1,0,0,8,5AYUAKwAlgA=
1721152436,0xcfff148,1,0,0,8,vgX9BBQEAP8=
1721152436,0xcfff248,1,0,0,8,xAV3CgkA/AE=
1721152436,0xcfff348,1,0,0,8,CQAqAgkAKgA=
1721152436,0xcfff448,1,0,0,8,AAAAAAAAAAA=
1721152436,0xcfffb48,1,0,0,8,AAAAAAAAAAA=
1721152436,0xcfff048,1,0,0,8,NQcUAKwAlgA=
1721152436,0xcfffc48,1,0,0,8,AAAAAAAAAAA=
1721152436,0xcfff148,1,0,0,8,vgUBBRQEAP8=
1721152436,0xcfff048,1,0,0,8,+AYUAKwAlgA=
1721152436,0xcfff148,1,0,0,8,vgX/BBQEAP8=
1721152436,0xcfff248,1,0,0,8,oQV3CgkA/AE=
1721152436,0xcfff348,1,0,0,8,CQArAgkAKgA=
1721152436,0xcfff448,1,0,0,8,AAAAAAAAAAA=
1721152436,0xcfffb48,1,0,0,8,AAAAAAAAAAA=
1721152436,0xcfff048,1,0,0,8,EAcUAKwAlgA=
1721152436,0xcfffc48,1,0,0,8,AAAAAAAAAAA=
1721152436,0xcfff148,1,0,0,8,vgX/BBQEAP8=
1721152436,0xcfff048,1,0,0,8,8wYUAKwAsgA=
1721152436,0xcfff148,1,0,0,8,vgX9BBQEAP8=
1721152436,0xcfff248,1,0,0,8,swV4CgkA/AE=
1721152436,0xcfff348,1,0,0,8,CQAqAgkAKgA=
1721152436,0xcfff448,1,0,0,8,AAAAAAAAAAA=
1721152436,0xcfffb48,1,0,0,8,AAAAAAAAAAA=
1721152436,0xcfff048,1,0,0,8,QAcUAKwAsgA=
1721152436,0xcfffc48,1,0,0,8,AAAAAAAAAAA=
1721152436,0xcfff148,1,0,0,8,vgX7BBQEAP8=
1721152436,0xcfff048,1,0,0,8,2AYUAKwAsgA=
1721152436,0xcfff148,1,0,0,8,vgX7BBQEAP8=
1721152436,0xcfff248,1,0,0,8,xAV4CgkA+gE=
1721152436,0xcfff348,1,0,0,8,CQArAgkAKgA=
1721152436,0xcfff448,1,0,0,8,AAAAAAAAAAA=
1721152436,0xcfffb48,1,0,0,8,AAAAAAAAAAA=
1721152436,0xcfff048,1,0,0,8,SwcUAKwAsgA=
1721152436,0xcfffc48,1,0,0,8,AAAAAAAAAAA=
1721152436,0xcfff148,1,0,0,8,vgUBBRQEAP8=
1721152436,0xcfff548,1,0,0,8,eAXuAxQIAP8=
1721152436,0xcfff048,1,0,0,8,2wYUAKwAiQA=
1721152436,0xcfff148,1,0,0,8,vgX5BBQEAP8=
1721152436,0xcfff248,1,0,0,8,mQV3CgkA+wE=
1721152436,0xcfff348,1,0,0,8,CQApAgkAKgA=
1721152436,0xcfff448,1,0,0,8,AAAAAAAAAAA=
1721152436,0xcfffb48,1,0,0,8,AAAAAAAAAAA=
1721152436,0xcfff048,1,0,0,8,6QYUAKwAiQA=
1721152436,0xcfffc48,1,0,0,8,AAAAAAAAAAA=
1721152436,0xcfff148,1,0,0,8,vgUEBRQEAP8=
1721152436,0xcfff048,1,0,0,8,7AYUAKwAiQA=
1721152436,0xcfff148,1,0,0,8,vgX3BBQEAP8=
1721152436,0xcfff248,1,0,0,8,rgV3CgkA+gE=
1721152436,0xcfff348,1,0,0,8,CQApAgkAKgA=
1721152436,0xcfff448,1,0,0,8,AAAAAAAAAAA=
1721152436,0xcfffb48,1,0,0,8,AAAAAAAAAAA=
1721152436,0xcfff048,1,0,0,8,CQcUAKsAmQA=
1721152436,0xcfffc48,1,0,0,8,AAAAAAAAAAA=
1721152436,0xcfff148,1,0,0,8,vgX8BBQEAP8=
1721152436,0xcfff048,1,0,0,8,CgcUAKsAmQA=
1721152436,0xcfff148,1,0,0,8,vgX4BBQEAP8=
1721152436,0xcfff248,1,0,0,8,rAV4CgkA/AE=
1721152436,0xcfff348,1,0,0,8,CQArAgkAKgA=
1721152436,0xcfff448,1,0,0,8,AAAAAAAAAAA=
1721152436,0xcfffb48,1,0,0,8,AAAAAAAAAAA=
1721152436,0xcfff048,1,0,0,8,7wYUAKwAmQA=
1721152436,0xcfffc48,1,0,0,8,AAAAAAAAAAA=
1721152436,0xcfff148,1,0,0,8,vgX8BBQEAP8=
1721152436,0xcfff048,1,0,0,8,CwcUAKsAmQA=
1721152436,0xcfff148,1,0,0,8,vgX4BBQEAP8=
1721152436,0xcfff248,1,0,0,8,nwV4CgkA+wE=
1721152436,0xcfff348,1,0,0,8,CQAqAgkAKgA=
1721152436,0xcfff448,1,0,0,8,AAAAAAAAAAA=
1721152436,0xcfffb48,1,0,0,8,AAAAAAAAAAA=
1721152437,0xcfff048,1,0,0,8,/gYUAKwAlgA=
1721152437,0xcfffc48,1,0,0,8,AAAAAAAAAAA=
1721152437,0xcfff148,1,0,0,8,vgX8BBQEAP8=
1721152437,0xcfff048,1,0,0,8,BAcUAKsAlgA=
1721152437,0xcfff148,1,0,0,8,vgXxBBQEAP8=
1721152437,0xcfff248,1,0,0,8,oQV5CgkA+wE=
1721152437,0xcfff348,1,0,0,8,CQApAgkAKgA=
1721152437,0xcfff448,1,0,0,8,AAAAAAAAAAA=
1721152437,0xcfffb48,1,0,0,8,AAAAAAAAAAA=
1721152437,0xcfff048,1,0,0,8,9gYUAKsAlgA=
1721152437,0xcfffc48,1,0,0,8,AAAAAAAAAAA=
1721152437,0xcfff148,1,0,0,8,vgX3BBQEAP8=
1721152437,0xcfff048,1,0,0,8,CQcUAKsAlgA=
1721152437,0xcfff148,1,0,0,8,vgXzBBQEAP8=
1721152437,0xcfff248,1,0,0,8,sAV4CgkA+wE=
1721152437,0xcfff348,1,0,0,8,CQApAgkAKgA=
1721152437,0xcfff448,1,0,0,8,AAAAAAAAAAA=
1721152437,0xcfffb48,1,0,0,8,AAAAAAAAAAA=
1721152437,0xcfff048,1,0,0,8,4gYUAKsAlgA=
1721152437,0xcfffc48,1,0,0,8,AAAAAAAAAAA=
1721152437,0xcfff148,1,0,0,8,vgXzBBQEAP8=
1721152437,0xcfff048,1,0,0,8,PgcUAKsAlgA=
1721152437,0xcfff148,1,0,0,8,vgXzBBQEAP8=
1721152437,0xcfff248,1,0,0,8,qQV4CgkA+wE=
1721152437,0xcfff348,1,0,0,8,CQArAgkAKgA=
1721152437,0xcfff448,1,0,0,8,AAAAAAAAAAA=
1721152437,0xcfffb48,1,0,0,8,AAAAAAAAAAA=
1721152437,0xcfff048,1,0,0,8,JQcUAKsAlgA=
1721152437,0xcfffc48,1,0,0,8,AAAAAAAAAAA=
1721152437,0xcfff148,1,0,0,8,vgXwBBQEAP8=
1721152437,0xcfff048,1,0,0,8,9AYUAKsAiwA=
1721152437,0xcfff148,1,0,0,8,vgX1BBQEAP8=
1721152437,0xcfff248,1,0,0,8,mQV3CgkA+wE=
1721152437,0xcfff348,1,0,0,8,CQAqAgkAKgA=
1721152437,0xcfff448,1,0,0,8,AAAAAAAAAAA=
1721152437,0xcfffb48,1,0,0,8,AAAAAAAAAAA=
1721152437,0xcfff048,1,0,0,8,DgcUAKsAiwA=
1721152437,0xcfffc48,1,0,0,8,AAAAAAAAAAA=
1721152437,0xcfff148,1,0,0,8,vgXvBBQEAP8=
1721152437,0xcfff048,1,0,0,8,9AYUAKsAiwA=
1721152437,0xcfff148,1,0,0,8,vgX0BBQEAP8=
1721152437,0xcfff248,1,0,0,8,qQV4CgkA+wE=
1721152437,0xcfff348,1,0,0,8,CQArAgkAKgA=
1721152437,0xcfff448,1,0,0,8,AAAAAAAAAAA=
1721152437,0xcfffb48,1,0,0,8,AAAAAAAAAAA=
1721152437,0xcfff048,1,0,0,8,wQYUAKsAlgA=
1721152437,0xcfffc48,1,0,0,8,AAAAAAAAAAA=
1721152437,0xcfff148,1,0,0,8,vgX5BBQEAP8=
1721152437,0xcfff048,1,0,0,8,UwYUAKsAlgA=
1721152437,0xcfff148,1,0,0,8,vgUkBRQEAP8=
1721152437,0xcfff248,1,0,0,8,agV5CgkA+QE=
1721152437,0xcfff348,1,0,0,8,CQAoAgkAKgA=
1721152437,0xcfff448,1,0,0,8,AAAAAAAAAAA=
1721152437,0xcfffb48,1,0,0,8,AAAAAAAAAAA=
1721152437,0xcfff048,1,0,0,8,kgYUAKsAlgA=
1721152437,0xcfffc48,1,0,0,8,AAAAAAAAAAA=
1721152437,0xcfff148,1,0,0,8,vgURBRQEAP8=
1721152437,0xcfff548,1,0,0,8,eAUABBQIAP8=
1721152437,0xcfff048,1,0,0,8,QQYUALEA6gA=
1721152437,0xcfff148,1,0,0,8,vgUFBRQEAP8=
1721152437,0xcfff248,1,0,0,8,ZQV3CgkA+wE=
1721152437,0xcfff348,1,0,0,8,CQAqAgkAKgA=
1721152437,0xcfff448,1,0,0,8,AAAAAAAAAAA=
1721152437,0xcfffb48,1,0,0,8,AAAAAAAAAAA=
1721152437,0xcfff048,1,0,0,8,fgYUAKsA6gA=
1721152437,0xcfffc48,1,0,0,8,AAAAAAAAAAA=
1721152437,0xcfff148,1,0,0,8,vgUHBRQEAP8=
1721152437,0xcfff048,1,0,0,8,aQYUAKsA6gA=
1721152437,0xcfff148,1,0,0,8,vgUhBRQEAP8=
1721152437,0xcfff248,1,0,0,8,iAV4CgkA+wE=
1721152437,0xcfff348,1,0,0,8,CQAoAgkAKgA=
1721152437,0xcfff448,1,0,0,8,AAAAAAAAAAA=
1721152437,0xcfffb48,1,0,0,8,AAAAAAAAAAA=
1721152437,0xcfff048,1,0,0,8,nQYUAKsA6gA=
1721152437,0xcfffc48,1,0,0,8,AAAAAAAAAAA=
1721152437,0xcfff148,1,0,0,8,vgURBRQEAP8=
1721152437,0xcfff048,1,0,0,8,JAYUALIA6QA=
1721152437,0xcfff148,1,0,0,8,vgUMBRQEAP8=
1721152437,0xcfff248,1,0,0,8,cAV4CgkA+wE=
1721152437,0xcfff348,1,0,0,8,CQAoAgkAKgA=
1721152437,0xcfff448,1,0,0,8,AAAAAAAAAAA=
1721152437,0xcfffb48,1,0,0,8,AAAAAAAAAAA=
1721152437,0xcfff048,1,0,0,8,QQYUAKsA6QA=
1721152437,0xcfffc48,1,0,0,8,AAAAAAAAAAA=
1721152437,0xcfff148,1,0,0,8,vgUsBRQEAP8=
1721152437,0xcfff048,1,0,0,8,/wUUAKwA6QA=
1721152437,0xcfff148,1,0,0,8,vgUhBRQEAP8=
1721152437,0xcfff248,1,0,0,8,WQV5CgkA+QE=
1721152437,0xcfff348,1,0,0,8,CQAqAgkAKgA=
1721152437,0xcfff448,1,0,0,8,AAAAAAAAAAA=
1721152437,0xcfffb48,1,0,0,8,AAAAAAAAAAA=
1721152438,0xcfff048,1,0,0,8,wQYUALIABwE=
1721152438,0xcfffc48,1,0,0,8,AAAAAAAAAAA=
1721152438,0xcfff148,1,0,0,8,vgUVBRQEAP8=
1721152438,0xcfff048,1,0,0,8,xQYUAKsABwE=
1721152438,0xcfff148,1,0,0,8,vgUNBRQEAP8=
1721152438,0xcfff248,1,0,0,8,YQV3CgkA+wE=
1721152438,0xcfff348,1,0,0,8,CQAqAgkAKgA=
1721152438,0xcfff448,1,0,0,8,AAAAAAAAAAA=
1721152438,0xcfffb48,1,0,0,8,AAAAAAAAAAA=
1721152438,0xcfff048,1,0,0,8,agYUAKsABwE=
1721152438,0xcfffc48,1,0,0,8,AAAAAAAAAAA=
1721152438,0xcfff148,1,0,0,8,vgUgBRQEAP8=
1721152438,0xcfff048,1,0,0,8,gQYUAKsA8gA=
1721152438,0xcfff148,1,0,0,8,vgUPBRQEAP8=
1721152438,0xcfff248,1,0,0,8,YQV4CgkA+gE=
1721152438,0xcfff348,1,0,0,8,CQAoAgkAKgA=
1721152438,0xcfff448,1,0,0,8,AAAAAAAAAAA=
1721152438,0xcfffb48,1,0,0,8,AAAAAAAAAAA=
1721152438,0xcfff048,1,0,0,8,IwYUALAA8gA=
1721152438,0xcfffc48,1,0,0,8,AAAAAAAAAAA=
1721152438,0xcfff148,1,0,0,8,vgURBRQEAP8=
1721152438,0xcfff048,1,0,0,8,HAYUAKwA8gA=
1721152438,0xcfff148,1,0,0,8,vgU1BRQEAP8=
1721152438,0xcfff248,1,0,0,8,bgV4CgkA+wE=
1721152438,0xcfff348,1,0,0,8,CQApAgkAKgA=
1721152438,0xcfff448,1,0,0,8,AAAAAAAAAAA=
1721152438,0xcfffb48,1,0,0,8,AAAAAAAAAAA=
1721152438,0xcfff048,1,0,0,8,kgYUALAA/QA=
1721152438,0xcfffc48,1,0,0,8,AAAAAAAAAAA=
1721152438,0xcfff148,1,0,0,8,vgUbBRQEAP8=
1721152438,0xcfff048,1,0,0,8,6AYUAKsA/QA=
1721152438,0xcfff148,1,0,0,8,vgUPBRQEAP8=
1721152438,0xcfff248,1,0,0,8,dAV4CgkA+wE=
1721152438,0xcfff348,1,0,0,8,CQAqAgkAKgA=
1721152438,0xcfff448,1,0,0,8,AAAAAAAAAAA=
1721152438,0xcfffb48,1,0,0,8,AAAAAAAAAAA=
1721152438,0xcfff048,1,0,0,8,cQYUAKwA/QA=
1721152438,0xcfffc48,1,0,0,8,AAAAAAAAAAA=
1721152438,0xcfff148,1,0,0,8,vgUIBRQEAP8=
1721152438,0xcfff048,1,0,0,8,pwYUAKsA8QA=
1721152438,0xcfff148,1,0,0,8,vgUBBRQEAP8=
1721152438,0xcfff248,1,0,0,8,bQV4CgkA+gE=
1721152438,0xcfff348,1,0,0,8,CQAqAgkAKgA=
1721152438,0xcfff448,1,0,0,8,AAAAAAAAAAA=
1721152438,0xcfffb48,1,0,0,8,AAAAAAAAAAA=
1721152438,0xcfff048,1,0,0,8,dwYUAKwA8QA=
1721152438,0xcfffc48,1,0,0,8,AAAAAAAAAAA=
1721152438,0xcfff148,1,0,0,8,vgUfBRQEAP8=
1721152438,0xcfff048,1,0,0,8,gwYUAKwA8QA=
1721152438,0xcfff148,1,0,0,8,vgUXBRQEAP8=
1721152438,0xcfff248,1,0,0,8,ZAV4CgkA+wE=
1721152438,0xcfff348,1,0,0,8,CQAoAgkAKgA=
1721152438,0xcfff448,1,0,0,8,AAAAAAAAAAA=
1721152438,0xcfffb48,1,0,0,8,AAAAAAAAAAA=
1721152438,0xcfff048,1,0,0,8,XwYUALAA8QA=
1721152438,0xcfffc48,1,0,0,8,AAAAAAAAAAA=
1721152438,0xcfff148,1,0,0,8,vgUBBRQEAP8=
1721152438,0xcfff548,1,0,0,8,bgUABBQIAP8=
1721152438,0xcfff048,1,0,0,8,SgYUAKwA7QA=
1721152438,0xcfff148,1,0,0,8,vgUXBRQEAP8=
1721152438,0xcfff248,1,0,0,8,YwV4CgkA+QE=
1721152438,0xcfff348,1,0,0,8,CQApAgkAKgA=
1721152438,0xcfff448,1,0,0,8,AAAAAAAAAAA=
1721152438,0xcfffb48,1,0,0,8,AAAAAAAAAAA=
1721152438,0xcfff048,1,0,0,8,TQYUALEA7QA=
1721152438,0xcfffc48,1,0,0,8,AAAAAAAAAAA=
1721152438,0xcfff148,1,0,0,8,vgUoBRQEAP8=
1721152438,0xcfff048,1,0,0,8,cwYUAKwA7QA=
1721152438,0xcfff148,1,0,0,8,vgUYBRQEAP8=
1721152438,0xcfff248,1,0,0,8,jAV3CgkA/AE=
1721152438,0xcfff348,1,0,0,8,CQAoAgkAKgA=
1721152438,0xcfff448,1,0,0,8,AAAAAAAAAAA=
1721152438,0xcfffb48,1,0,0,8,AAAAAAAAAAA=
1721152438,0xcfff048,1,0,0,8,MgYUAKwA8AA=
1721152438,0xcfffc48,1,0,0,8,AAAAAAAAAAA=
1721152438,0xcfff148,1,0,0,8,vgUHBRQEAP8=
1721152438,0xcfff048,1,0,0,8,LwYUAKwA8AA=
1721152438,0xcfff148,1,0,0,8,vgUnBRQEAP8=
1721152438,0xcfff248,1,0,0,8,ewV3CgkA/AE=
1721152438,0xcfff348,1,0,0,8,CQAoAgkAKgA=
1721152438,0xcfff448,1,0,0,8,AAAAAAAAAAA=
1721152438,0xcfffb48,1,0,0,8,AAAAAAAAAAA=
1721152438,0xcfff048,1,0,0,8,lwYUAK0A8AA=
1721152438,0xcfffc48,1,0,0,8,AAAAAAAAAAA=
1721152438,0xcfff148,1,0,0,8,vgUZBRQEAP8=
1721152438,0xcfff048,1,0,0,8,wgUUALoA6QA=
1721152438,0xcfff148,1,0,0,8,vgUhBRQEAP8=
1721152438,0xcfff248,1,0,0,8,WgV3CgkA+wE=
1721152438,0xcfff348,1,0,0,8,CQAqAgkAKgA=
1721152438,0xcfff448,1,0,0,8,AAAAAAAAAAA=
1721152438,0xcfffb48,1,0,0,8,AAAAAAAAAAA=
1721152439,0xcfff048,1,0,0,8,EwYUALoA6QA=
1721152439,0xcfffc48,1,0,0,8,AAAAAAAAAAA=
1721152439,0xcfff148,1,0,0,8,vgU1BRQEAP8=
1721152439,0xcfff048,1,0,0,8,AAYUAMAA6QA=
1721152439,0xcfff148,1,0,0,8,vgUcBRQEAP8=
1721152439,0xcfff248,1,0,0,8,bQV5CgkA+wE=
1721152439,0xcfff348,1,0,0,8,CQAoAgkAKgA=
1721152439,0xcfff448,1,0,0,8,AAAAAAAAAAA=
1721152439,0xcfffb48,1,0,0,8,AAAAAAAAAAA=
1721152439,0xcfff048,1,0,0,8,4gYUALIABwE=
1721152439,0xcfffc48,1,0,0,8,AAAAAAAAAAA=
1721152439,0xcfff148,1,0,0,8,vgUPBRQEAP8=
1721152439,0xcfff048,1,0,0,8,ygYUAKwABwE=
1721152439,0xcfff148,1,0,0,8,vgUUBRQEAP8=
1721152439,0xcfff248,1,0,0,8,fgV5CgkA+gE=
1721152439,0xcfff348,1,0,0,8,CQAqAgkAKgA=
1721152439,0xcfff448,1,0,0,8,AAAAAAAAAAA=
1721152439,0xcfffb48,1,0,0,8,AAAAAAAAAAA=
1721152439,0xcfff048,1,0,0,8,pQYUAKwABwE=
1721152439,0xcfffc48,1,0,0,8,AAAAAAAAAAA=
1721152439,0xcfff148,1,0,0,8,vgUPBRQEAP8=
1721152439,0xcfff048,1,0,0,8,UwcUAKwAlQA=
1721152439,0xcfff148,1,0,0,8,vgX3BBQEAP8=
1721152439,0xcfff248,1,0,0,8,mQV6CgkA+wE=
1721152439,0xcfff348,1,0,0,8,CQAnAgkAKgA=
1721152439,0xcfff448,1,0,0,8,AAAAAAAAAAA=
1721152439,0xcfffb48,1,0,0,8,AAAAAAAAAAA=
1721152439,0xcfff048,1,0,0,8,AwcUAK0AlQA=
1721152439,0xcfffc48,1,0,0,8,AAAAAAAAAAA=
1721152439,0xcfff148,1,0,0,8,vgX9BBQEAP8=
1721152439,0xcfff048,1,0,0,8,1wYUAKwAlQA=
1721152439,0xcfff148,1,0,0,8,vgUFBRQEAP8=
1721152439,0xcfff248,1,0,0,8,kAV4CgkA/AE=
1721152439,0xcfff348,1,0,0,8,CQAoAgkAKgA=
1721152439,0xcfff448,1,0,0,8,AAAAAAAAAAA=
1721152439,0xcfffb48,1,0,0,8,AAAAAAAAAAA=
1721152439,0xcfff048,1,0,0,8,BQcUAKwAlQA=
1721152439,0xcfffc48,1,0,0,8,AAAAAAAAAAA=
1721152439,0xcfff148,1,0,0,8,vgX5BBQEAP8=
1721152439,0xcfff048,1,0,0,8,0wYUAKwAlgA=
1721152439,0xcfff148,1,0,0,8,vgX/BBQEAP8=
1721152439,0xcfff248,1,0,0,8,kAV4CgkA+gE=
